Nearest_Feature1,Nearest_Feature2,Cluster
-0.0392828182274956,-1.1680934977411974,0
0.7717905512136674,0.8235041539637314,1
-1.0342428417844647,0.681594518281627,2
