Centroid_Feature1,Centroid_Feature2
0.07429661163576798,-1.016667984575782
0.8425021657800869,0.6964213695826468
-0.968510168336501,0.679893769082471
